time,command,response,temperature
0.000000,0.000000,-0.003000,21.659456
0.010000,0.000000,-0.001900,21.665243
0.020000,0.000000,-0.000820,21.671033
0.030000,0.000000,0.000218,21.676824
0.040000,0.000000,0.001195,21.682618
0.050000,0.000000,0.002092,21.688415
0.060000,0.000000,0.002893,21.694213
0.070000,0.000000,0.003581,21.700014
0.080000,0.000000,0.004144,21.705817
0.090000,0.000000,0.004571,21.711622
0.100000,0.000000,0.004855,21.717429
0.110000,0.000000,0.004989,21.723239
0.120000,0.000000,0.004971,21.729051
0.130000,0.000000,0.004802,21.734865
0.140000,0.000000,0.004484,21.740682
0.150000,0.000000,0.004024,21.746501
0.160000,0.000000,0.003430,21.752322
0.170000,0.000000,0.002714,21.758146
0.180000,0.000000,0.001890,21.763972
0.190000,0.000000,0.000972,21.769800
0.200000,0.000000,-0.000021,21.775631
0.210000,0.000000,-0.001070,21.781464
0.220000,0.000000,-0.002157,21.787300
0.230000,0.000000,-0.003259,21.793138
0.240000,0.000000,-0.004357,21.798978
0.250000,0.000000,-0.005428,21.804821
0.260000,0.000000,-0.006454,21.810667
0.270000,0.000000,-0.007414,21.816514
0.280000,0.000000,-0.008290,21.822364
0.290000,0.000000,-0.009065,21.828217
0.300000,0.000000,-0.009725,21.834072
0.310000,0.000000,-0.010257,21.839930
0.320000,0.000000,-0.010651,21.845790
0.330000,0.000000,-0.010900,21.851653
0.340000,0.000000,-0.010998,21.857518
0.350000,0.000000,-0.010945,21.863385
0.360000,0.000000,-0.010740,21.869255
0.370000,0.000000,-0.010388,21.875128
0.380000,0.000000,-0.009896,21.881003
0.390000,0.000000,-0.009273,21.886881
0.400000,0.000000,-0.008530,21.892761
0.410000,0.000000,-0.007682,21.898644
0.420000,0.000000,-0.006745,21.904530
0.430000,0.000000,-0.005737,21.910418
0.440000,0.000000,-0.004677,21.916308
0.450000,0.000000,-0.003585,21.922201
0.460000,0.000000,-0.002482,21.928097
0.470000,0.000000,-0.001389,21.933996
0.480000,0.000000,-0.000326,21.939897
0.490000,0.000000,0.000686,21.945800
0.500000,0.000000,0.001628,21.951707
0.510000,0.000000,0.002481,21.957616
0.520000,0.000000,0.003231,21.963527
0.530000,0.000000,0.003862,21.969441
0.540000,0.000000,0.004362,21.975358
0.550000,0.000000,0.004723,21.981278
0.560000,0.000000,0.004937,21.987200
0.570000,0.000000,0.004999,21.993125
0.580000,0.000000,0.004910,21.999053
0.590000,0.000000,0.004670,22.004983
0.600000,0.000000,0.004285,22.010916
0.610000,0.000000,0.003761,22.016852
0.620000,0.000000,0.003108,22.022790
0.630000,0.000000,0.002340,22.028731
0.640000,0.000000,0.001469,22.034675
0.650000,0.000000,0.000514,22.040622
0.660000,0.000000,-0.000508,22.046571
0.670000,0.000000,-0.001577,22.052523
0.680000,0.000000,-0.002674,22.058478
0.690000,0.000000,-0.003777,22.064435
0.700000,0.000000,-0.004864,22.070395
0.710000,0.000000,-0.005917,22.076358
0.720000,0.000000,-0.006914,22.082324
0.730000,0.000000,-0.007837,22.088293
0.740000,0.000000,-0.008667,22.094264
0.750000,0.000000,-0.009390,22.100238
0.760000,0.000000,-0.009991,22.106215
0.770000,0.000000,-0.010460,22.112195
0.780000,0.000000,-0.010786,22.118177
0.790000,0.000000,-0.010965,22.124162
0.800000,0.000000,-0.010992,22.130150
0.810000,0.000000,-0.010867,22.136141
0.820000,0.000000,-0.010593,22.142135
0.830000,0.000000,-0.010174,22.148131
0.840000,0.000000,-0.009619,22.154131
0.850000,0.000000,-0.008938,22.160133
0.860000,0.000000,-0.008144,22.166138
0.870000,0.000000,-0.007252,22.172146
0.880000,0.000000,-0.006279,22.178156
0.890000,0.000000,-0.005244,22.184170
0.900000,0.000000,-0.004167,22.190186
0.910000,0.000000,-0.003067,22.196205
0.920000,0.000000,-0.001966,22.202227
0.930000,0.000000,-0.000884,22.208252
0.940000,0.000000,0.000157,22.214279
0.950000,0.000000,0.001138,22.220310
0.960000,0.000000,0.002040,22.226343
0.970000,0.000000,0.002847,22.232379
0.980000,0.000000,0.003543,22.238418
0.990000,0.000000,0.004114,22.244460
1.000000,1.000000,0.004550,22.250505
1.010000,1.001600,0.004842,22.256552
1.020000,1.003200,0.004985,22.262603
1.030000,1.004800,0.004976,22.268656
1.040000,1.006399,0.004816,22.274712
1.050000,1.007998,0.004507,22.280771
1.060000,1.009596,0.004056,22.286833
1.070000,1.011194,0.003470,22.292898
1.080000,1.012791,0.002761,22.298966
1.090000,1.014388,0.001943,22.305036
1.100000,1.015983,0.007063,22.311110
1.110000,1.017577,0.013585,22.317186
1.120000,1.019171,0.020017,22.323265
1.130000,1.020763,0.026378,22.329347
1.140000,1.022353,0.032689,22.335432
1.150000,1.023942,0.038971,22.341520
1.160000,1.025530,0.045245,22.347611
1.170000,1.027116,0.051532,22.353704
1.180000,1.028701,0.057851,22.359801
1.190000,1.030283,0.064222,22.365900
1.200000,1.031864,0.070660,22.372002
1.210000,1.033442,0.077181,22.378107
1.220000,1.035019,0.083797,22.384215
1.230000,1.036593,0.090519,22.390326
1.240000,1.038165,0.097356,22.396440
1.250000,1.039734,0.104311,22.402557
1.260000,1.041301,0.111387,22.408676
1.270000,1.042865,0.118583,22.414798
1.280000,1.044426,0.125895,22.420924
1.290000,1.045985,0.133318,22.427052
1.300000,1.047541,0.140842,22.433183
1.310000,1.049093,0.148455,22.439317
1.320000,1.050643,0.156144,22.445453
1.330000,1.052189,0.163893,22.451593
1.340000,1.053732,0.171683,22.457735
1.350000,1.055271,0.179497,22.463881
1.360000,1.056807,0.187314,22.470029
1.370000,1.058339,0.195112,22.476180
1.380000,1.059868,0.202873,22.482334
1.390000,1.061393,0.210574,22.488491
1.400000,1.062913,0.218196,22.494650
1.410000,1.064430,0.225718,22.500813
1.420000,1.065943,0.233125,22.506978
1.430000,1.067451,0.240398,22.513147
1.440000,1.068955,0.247524,22.519318
1.450000,1.070455,0.254491,22.525492
1.460000,1.071950,0.261289,22.531668
1.470000,1.073441,0.267912,22.537848
1.480000,1.074926,0.274354,22.544030
1.490000,1.076407,0.280615,22.550216
1.500000,1.077884,0.286696,22.556404
1.510000,1.079355,0.292602,22.562595
1.520000,1.080821,0.298339,22.568788
1.530000,1.082282,0.303919,22.574985
1.540000,1.083738,0.309352,22.581184
1.550000,1.085188,0.314655,22.587387
1.560000,1.086633,0.319842,22.593592
1.570000,1.088072,0.324933,22.599800
1.580000,1.089506,0.329946,22.606010
1.590000,1.090934,0.334902,22.612224
1.600000,1.092356,0.339822,22.618440
1.610000,1.093772,0.344727,22.624659
1.620000,1.095182,0.349638,22.630881
1.630000,1.096586,0.354574,22.637105
1.640000,1.097984,0.359555,22.643333
1.650000,1.099376,0.364599,22.649563
1.660000,1.100761,0.369721,22.655796
1.670000,1.102140,0.374935,22.662032
1.680000,1.103513,0.380254,22.668270
1.690000,1.104878,0.385685,22.674511
1.700000,1.106237,0.391236,22.680755
1.710000,1.107589,0.396909,22.687002
1.720000,1.108935,0.402707,22.693251
1.730000,1.110273,0.408626,22.699504
1.740000,1.111604,0.414661,22.705758
1.750000,1.112928,0.420806,22.712016
1.760000,1.114245,0.427049,22.718276
1.770000,1.115555,0.433377,22.724540
1.780000,1.116857,0.439776,22.730805
1.790000,1.118152,0.446229,22.737074
1.800000,1.119439,0.452718,22.743345
1.810000,1.120719,0.459222,22.749619
1.820000,1.121990,0.465721,22.755895
1.830000,1.123254,0.472195,22.762174
1.840000,1.124510,0.478623,22.768456
1.850000,1.125759,0.484984,22.774741
1.860000,1.126999,0.491258,22.781028
1.870000,1.128231,0.497426,22.787318
1.880000,1.129454,0.503472,22.793610
1.890000,1.130670,0.509380,22.799906
1.900000,1.131877,0.515135,22.806203
1.910000,1.133076,0.520729,22.812504
1.920000,1.134266,0.526151,22.818807
1.930000,1.135447,0.531397,22.825112
1.940000,1.136620,0.536463,22.831420
1.950000,1.137784,0.541349,22.837731
1.960000,1.138940,0.546059,22.844045
1.970000,1.140086,0.550598,22.850360
1.980000,1.141223,0.554974,22.856679
1.990000,1.142352,0.559199,22.863000
2.000000,1.143471,0.563285,22.869324
2.010000,1.144581,0.567249,22.875650
2.020000,1.145682,0.571107,22.881978
2.030000,1.146774,0.574879,22.888310
2.040000,1.147856,0.578583,22.894643
2.050000,1.148929,0.582242,22.900980
2.060000,1.149992,0.585875,22.907318
2.070000,1.151045,0.589503,22.913660
2.080000,1.152089,0.593148,22.920003
2.090000,1.153123,0.596828,22.926350
2.100000,1.154148,0.600562,22.932698
2.110000,1.155162,0.604368,22.939049
2.120000,1.156167,0.608259,22.945403
2.130000,1.157161,0.612249,22.951759
2.140000,1.158146,0.616348,22.958118
2.150000,1.159120,0.620565,22.964478
2.160000,1.160085,0.624903,22.970842
2.170000,1.161038,0.629366,22.977207
2.180000,1.161982,0.633953,22.983576
2.190000,1.162915,0.638660,22.989946
2.200000,1.163838,0.643481,22.996319
2.210000,1.164751,0.648406,23.002694
2.220000,1.165653,0.653425,23.009072
2.230000,1.166544,0.658523,23.015452
2.240000,1.167424,0.663684,23.021834
2.250000,1.168294,0.668892,23.028218
2.260000,1.169153,0.674126,23.034605
2.270000,1.170002,0.679367,23.040994
2.280000,1.170839,0.684595,23.047386
2.290000,1.171665,0.689787,23.053780
2.300000,1.172481,0.694924,23.060176
2.310000,1.173285,0.699985,23.066574
2.320000,1.174079,0.704951,23.072975
2.330000,1.174861,0.709803,23.079377
2.340000,1.175632,0.714525,23.085782
2.350000,1.176392,0.719103,23.092190
2.360000,1.177140,0.723525,23.098599
2.370000,1.177877,0.727780,23.105011
2.380000,1.178603,0.731862,23.111425
2.390000,1.179317,0.735765,23.117841
2.400000,1.180020,0.739489,23.124259
2.410000,1.180711,0.743035,23.130679
2.420000,1.181391,0.746407,23.137102
2.430000,1.182059,0.749612,23.143526
2.440000,1.182716,0.752660,23.149953
2.450000,1.183361,0.755563,23.156382
2.460000,1.183994,0.758335,23.162813
2.470000,1.184615,0.760993,23.169245
2.480000,1.185224,0.763554,23.175681
2.490000,1.185822,0.766038,23.182118
2.500000,1.186408,0.768465,23.188557
2.510000,1.186982,0.770857,23.194998
2.520000,1.187543,0.773233,23.201441
2.530000,1.188093,0.775616,23.207886
2.540000,1.188631,0.778024,23.214334
2.550000,1.189157,0.780477,23.220783
2.560000,1.189670,0.782993,23.227234
2.570000,1.190172,0.785588,23.233687
2.580000,1.190661,0.788275,23.240142
2.590000,1.191138,0.791068,23.246599
2.600000,1.191603,0.793974,23.253058
2.610000,1.192056,0.797000,23.259519
2.620000,1.192496,0.800151,23.265981
2.630000,1.192924,0.803427,23.272446
2.640000,1.193340,0.806825,23.278912
2.650000,1.193743,0.810342,23.285381
2.660000,1.194134,0.813970,23.291851
2.670000,1.194512,0.817698,23.298323
2.680000,1.194878,0.821514,23.304797
2.690000,1.195232,0.825402,23.311272
2.700000,1.195573,0.829347,23.317750
2.710000,1.195901,0.833330,23.324229
2.720000,1.196217,0.837331,23.330710
2.730000,1.196521,0.841330,23.337192
2.740000,1.196812,0.845306,23.343677
2.750000,1.197090,0.849239,23.350163
2.760000,1.197356,0.853107,23.356651
2.770000,1.197609,0.856890,23.363140
2.780000,1.197849,0.860571,23.369631
2.790000,1.198077,0.864131,23.376124
2.800000,1.198292,0.867556,23.382619
2.810000,1.198494,0.870831,23.389115
2.820000,1.198684,0.873945,23.395612
2.830000,1.198861,0.876891,23.402112
2.840000,1.199025,0.879661,23.408613
2.850000,1.199176,0.882254,23.415115
2.860000,1.199315,0.884668,23.421619
2.870000,1.199441,0.886907,23.428125
2.880000,1.199554,0.888976,23.434632
2.890000,1.199654,0.890884,23.441141
2.900000,1.199742,0.892641,23.447651
2.910000,1.199817,0.894261,23.454162
2.920000,1.199879,0.895758,23.460676
2.930000,1.199928,0.897151,23.467190
2.940000,1.199965,0.898458,23.473706
2.950000,1.199988,0.899698,23.480224
2.960000,1.199999,0.900893,23.486742
2.970000,1.199997,0.902063,23.493263
2.980000,1.199983,0.903230,23.499784
2.990000,1.199955,0.904413,23.506307
3.000000,1.199915,0.905632,23.512832
3.010000,1.199862,0.906907,23.519358
3.020000,1.199796,0.908254,23.525885
3.030000,1.199717,0.909688,23.532413
3.040000,1.199626,0.911222,23.538943
3.050000,1.199521,0.912867,23.545473
3.060000,1.199404,0.914631,23.552006
3.070000,1.199274,0.916520,23.558539
3.080000,1.199132,0.918535,23.565074
3.090000,1.198977,0.920676,23.571610
3.100000,1.198809,0.922940,23.578147
3.110000,1.198628,0.925321,23.584685
3.120000,1.198434,0.927810,23.591224
3.130000,1.198228,0.930396,23.597765
3.140000,1.198009,0.933064,23.604307
3.150000,1.197778,0.935800,23.610849
3.160000,1.197534,0.938585,23.617393
3.170000,1.197277,0.941401,23.623938
3.180000,1.197008,0.944229,23.630484
3.190000,1.196725,0.947046,23.637032
3.200000,1.196431,0.949833,23.643580
3.210000,1.196124,0.952568,23.650129
3.220000,1.195804,0.955232,23.656679
3.230000,1.195472,0.957805,23.663230
3.240000,1.195127,0.960268,23.669782
3.250000,1.194770,0.962606,23.676336
3.260000,1.194400,0.964803,23.682890
3.270000,1.194018,0.966848,23.689445
3.280000,1.193623,0.968731,23.696001
3.290000,1.193216,0.970444,23.702557
3.300000,1.192797,0.971982,23.709115
3.310000,1.192365,0.973345,23.715674
3.320000,1.191921,0.974532,23.722233
3.330000,1.191465,0.975549,23.728793
3.340000,1.190996,0.976403,23.735354
3.350000,1.190515,0.977102,23.741916
3.360000,1.190022,0.977660,23.748479
3.370000,1.189517,0.978089,23.755042
3.380000,1.189000,0.978407,23.761606
3.390000,1.188471,0.978632,23.768171
3.400000,1.187929,0.978782,23.774736
3.410000,1.187376,0.978879,23.781303
3.420000,1.186810,0.978942,23.787869
3.430000,1.186233,0.978994,23.794437
3.440000,1.185643,0.979054,23.801005
3.450000,1.185042,0.979143,23.807574
3.460000,1.184429,0.979281,23.814144
3.470000,1.183804,0.979485,23.820714
3.480000,1.183168,0.979771,23.827284
3.490000,1.182519,0.980155,23.833855
3.500000,1.181859,0.980646,23.840427
3.510000,1.181188,0.981256,23.846999
3.520000,1.180505,0.981991,23.853572
3.530000,1.179810,0.982855,23.860145
3.540000,1.179103,0.983849,23.866719
3.550000,1.178386,0.984971,23.873293
3.560000,1.177657,0.986217,23.879868
3.570000,1.176916,0.987579,23.886443
3.580000,1.176164,0.989047,23.893018
3.590000,1.175401,0.990609,23.899594
3.600000,1.174627,0.992250,23.906170
3.610000,1.173841,0.993954,23.912747
3.620000,1.173044,0.995703,23.919323
3.630000,1.172237,0.997476,23.925901
3.640000,1.171418,0.999254,23.932478
3.650000,1.170588,1.001017,23.939056
3.660000,1.169747,1.002742,23.945634
3.670000,1.168896,1.004410,23.952212
3.680000,1.168034,1.006001,23.958791
3.690000,1.167160,1.007496,23.965370
3.700000,1.166277,1.008877,23.971949
3.710000,1.165382,1.010130,23.978528
3.720000,1.164477,1.011240,23.985107
3.730000,1.163562,1.012196,23.991686
3.740000,1.162636,1.012990,23.998266
3.750000,1.161699,1.013615,24.004846
3.760000,1.160753,1.014069,24.011425
3.770000,1.159795,1.014351,24.018005
3.780000,1.158828,1.014464,24.024585
3.790000,1.157851,1.014413,24.031165
3.800000,1.156863,1.014206,24.037745
3.810000,1.155866,1.013856,24.044325
3.820000,1.154858,1.013373,24.050905
3.830000,1.153841,1.012774,24.057485
3.840000,1.152813,1.012077,24.064065
3.850000,1.151776,1.011298,24.070645
3.860000,1.150729,1.010460,24.077225
3.870000,1.149673,1.009581,24.083804
3.880000,1.148607,1.008684,24.090384
3.890000,1.147531,1.007788,24.096963
3.900000,1.146446,1.006916,24.103543
3.910000,1.145352,1.006086,24.110122
3.920000,1.144248,1.005317,24.116701
3.930000,1.143135,1.004627,24.123280
3.940000,1.142013,1.004031,24.129858
3.950000,1.140882,1.003542,24.136436
3.960000,1.139742,1.003171,24.143015
3.970000,1.138593,1.002926,24.149592
3.980000,1.137435,1.002812,24.156170
3.990000,1.136268,1.002833,24.162747
4.000000,1.135093,1.002989,24.169324
4.010000,1.133908,1.003275,24.175900
4.020000,1.132716,1.003687,24.182477
4.030000,1.131515,1.004215,24.189053
4.040000,1.130305,1.004848,24.195628
4.050000,1.129087,1.005574,24.202203
4.060000,1.127861,1.006376,24.208778
4.070000,1.126626,1.007237,24.215352
4.080000,1.125384,1.008138,24.221926
4.090000,1.124133,1.009060,24.228499
4.100000,1.122875,1.009982,24.235072
4.110000,1.121609,1.010882,24.241644
4.120000,1.120334,1.011742,24.248216
4.130000,1.119053,1.012539,24.254787
4.140000,1.117763,1.013255,24.261357
4.150000,1.116466,1.013872,24.267927
4.160000,1.115162,1.014373,24.274497
4.170000,1.113850,1.014743,24.281066
4.180000,1.112531,1.014970,24.287634
4.190000,1.111204,1.015044,24.294202
4.200000,1.109871,1.014958,24.300769
4.210000,1.108531,1.014706,24.307335
4.220000,1.107183,1.014288,24.313900
4.230000,1.105829,1.013704,24.320465
4.240000,1.104468,1.012958,24.327029
4.250000,1.103100,1.012057,24.333593
4.260000,1.101726,1.011011,24.340155
4.270000,1.100345,1.009831,24.346717
4.280000,1.098958,1.008532,24.353278
4.290000,1.097564,1.007130,24.359839
4.300000,1.096165,1.005643,24.366398
4.310000,1.094759,1.004090,24.372957
4.320000,1.093347,1.002491,24.379514
4.330000,1.091929,1.000868,24.386071
4.340000,1.090505,0.999241,24.392627
4.350000,1.089075,0.997632,24.399182
4.360000,1.087640,0.996060,24.405736
4.370000,1.086199,0.994545,24.412290
4.380000,1.084752,0.993105,24.418842
4.390000,1.083300,0.991757,24.425393
4.400000,1.081843,0.990515,24.431943
4.410000,1.080380,0.989390,24.438493
4.420000,1.078913,0.988394,24.445041
4.430000,1.077440,0.987532,24.451588
4.440000,1.075962,0.986809,24.458134
4.450000,1.074480,0.986226,24.464679
4.460000,1.072993,0.985782,24.471223
4.470000,1.071501,0.985472,24.477766
4.480000,1.070004,0.985290,24.484308
4.490000,1.068503,0.985224,24.490849
4.500000,1.066998,0.985264,24.497388
4.510000,1.065488,0.985394,24.503926
4.520000,1.063974,0.985599,24.510463
4.530000,1.062456,0.985859,24.516999
4.540000,1.060934,0.986157,24.523534
4.550000,1.059408,0.986471,24.530068
4.560000,1.057879,0.986781,24.536600
4.570000,1.056345,0.987067,24.543131
4.580000,1.054808,0.987307,24.549661
4.590000,1.053268,0.987481,24.556189
4.600000,1.051724,0.987572,24.562716
4.610000,1.050177,0.987560,24.569242
4.620000,1.048626,0.987432,24.575766
4.630000,1.047073,0.987173,24.582289
4.640000,1.045516,0.986771,24.588811
4.650000,1.043957,0.986219,24.595332
4.660000,1.042394,0.985509,24.601851
4.670000,1.040829,0.984639,24.608368
4.680000,1.039262,0.983609,24.614884
4.690000,1.037692,0.982420,24.621399
4.700000,1.036119,0.981078,24.627912
4.710000,1.034544,0.979591,24.634424
4.720000,1.032967,0.977970,24.640934
4.730000,1.031388,0.976228,24.647443
4.740000,1.029807,0.974380,24.653950
4.750000,1.028224,0.972443,24.660456
4.760000,1.026639,0.970436,24.666960
4.770000,1.025053,0.968379,24.673463
4.780000,1.023464,0.966291,24.679964
4.790000,1.021875,0.964195,24.686463
4.800000,1.020284,0.962112,24.692961
4.810000,1.018691,0.960061,24.699457
4.820000,1.017098,0.958063,24.705952
4.830000,1.015503,0.956137,24.712445
4.840000,1.013907,0.954300,24.718936
4.850000,1.012311,0.952568,24.725425
4.860000,1.010713,0.950953,24.731913
4.870000,1.009115,0.949467,24.738400
4.880000,1.007517,0.948119,24.744884
4.890000,1.005918,0.946914,24.751367
4.900000,1.004318,0.945855,24.757848
4.910000,1.002718,0.944942,24.764327
4.920000,1.001119,0.944172,24.770805
4.930000,0.999519,0.943539,24.777280
4.940000,0.997919,0.943035,24.783754
4.950000,0.996319,0.942649,24.790226
4.960000,0.994719,0.942368,24.796696
4.970000,0.993120,0.942176,24.803165
4.980000,0.991521,0.942056,24.809631
4.990000,0.989923,0.941989,24.816096
5.000000,0.988325,0.941956,24.822559
5.010000,0.986728,0.941935,24.829020
5.020000,0.985132,0.941908,24.835479
5.030000,0.983537,0.941851,24.841936
5.040000,0.981943,0.941746,24.848391
5.050000,0.980350,0.941573,24.854844
5.060000,0.978759,0.941313,24.861296
5.070000,0.977168,0.940950,24.867745
5.080000,0.975580,0.940469,24.874192
5.090000,0.973992,0.939858,24.880638
5.100000,0.972407,0.939107,24.887081
5.110000,0.970823,0.938207,24.893522
5.120000,0.969241,0.937154,24.899961
5.130000,0.967661,0.935947,24.906399
5.140000,0.966083,0.934585,24.912834
5.150000,0.964508,0.933074,24.919267
5.160000,0.962934,0.931419,24.925698
5.170000,0.961363,0.929630,24.932127
5.180000,0.959794,0.927719,24.938554
5.190000,0.958228,0.925699,24.944978
5.200000,0.956665,0.923588,24.951401
5.210000,0.955104,0.921402,24.957822
5.220000,0.953547,0.919161,24.964240
5.230000,0.951992,0.916885,24.970656
5.240000,0.950440,0.914596,24.977070
5.250000,0.948892,0.912314,24.983482
5.260000,0.947347,0.910059,24.989891
5.270000,0.945805,0.907854,24.996299
5.280000,0.944266,0.905716,25.002704
5.290000,0.942731,0.903664,25.009107
5.300000,0.941200,0.901715,25.015507
5.310000,0.939673,0.899883,25.021906
5.320000,0.938149,0.898180,25.028302
5.330000,0.936630,0.896617,25.034696
5.340000,0.935114,0.895200,25.041088
5.350000,0.933603,0.893933,25.047477
5.360000,0.932096,0.892819,25.053864
5.370000,0.930593,0.891856,25.060249
5.380000,0.929095,0.891039,25.066631
5.390000,0.927601,0.890362,25.073011
5.400000,0.926112,0.889815,25.079389
5.410000,0.924627,0.889386,25.085764
5.420000,0.923148,0.889060,25.092137
5.430000,0.921673,0.888821,25.098508
5.440000,0.920203,0.888652,25.104876
5.450000,0.918739,0.888533,25.111242
5.460000,0.917279,0.888443,25.117605
5.470000,0.915825,0.888363,25.123966
5.480000,0.914377,0.888270,25.130325
5.490000,0.912934,0.888146,25.136681
5.500000,0.911496,0.887969,25.143035
5.510000,0.910064,0.887721,25.149386
5.520000,0.908638,0.887384,25.155735
5.530000,0.907217,0.886943,25.162081
5.540000,0.905803,0.886384,25.168425
5.550000,0.904395,0.885694,25.174767
5.560000,0.902992,0.884866,25.181106
5.570000,0.901596,0.883893,25.187442
5.580000,0.900206,0.882771,25.193776
5.590000,0.898823,0.881500,25.200107
5.600000,0.897446,0.880082,25.206436
5.610000,0.896076,0.878523,25.212762
5.620000,0.894712,0.876830,25.219086
5.630000,0.893355,0.875013,25.225407
5.640000,0.892005,0.873086,25.231726
5.650000,0.890662,0.871064,25.238042
5.660000,0.889326,0.868963,25.244356
5.670000,0.887996,0.866803,25.250667
5.680000,0.886674,0.864602,25.256975
5.690000,0.885360,0.862382,25.263281
5.700000,0.884052,0.860163,25.269584
5.710000,0.882752,0.857967,25.275884
5.720000,0.881460,0.855813,25.282182
5.730000,0.880175,0.853723,25.288478
5.740000,0.878898,0.851715,25.294770
5.750000,0.877628,0.849806,25.301060
5.760000,0.876367,0.848012,25.307348
5.770000,0.875113,0.846347,25.313632
5.780000,0.873867,0.844821,25.319914
5.790000,0.872630,0.843443,25.326194
5.800000,0.871400,0.842220,25.332470
5.810000,0.870179,0.841153,25.338744
5.820000,0.868966,0.840243,25.345016
5.830000,0.867761,0.839488,25.351284
5.840000,0.866565,0.838882,25.357550
5.850000,0.865378,0.838416,25.363814
5.860000,0.864199,0.838080,25.370074
5.870000,0.863029,0.837860,25.376332
5.880000,0.861867,0.837741,25.382587
5.890000,0.860714,0.837706,25.388839
5.900000,0.859571,0.837737,25.395089
5.910000,0.858436,0.837813,25.401336
5.920000,0.857310,0.837914,25.407580
5.930000,0.856194,0.838019,25.413821
5.940000,0.855086,0.838108,25.420060
5.950000,0.853988,0.838160,25.426296
5.960000,0.852900,0.838155,25.432529
5.970000,0.851820,0.838075,25.438759
5.980000,0.850750,0.837904,25.444987
5.990000,0.849690,0.837627,25.451212
6.000000,0.848640,0.837230,25.457434
6.010000,0.847599,0.836703,25.463653
6.020000,0.846567,0.836039,25.469869
6.030000,0.845546,0.835233,25.476083
6.040000,0.844534,0.834282,25.482294
6.050000,0.843533,0.833187,25.488502
6.060000,0.842541,0.831952,25.494707
6.070000,0.841560,0.830583,25.500909
6.080000,0.840588,0.829090,25.507109
6.090000,0.839627,0.827484,25.513306
6.100000,0.838676,0.825778,25.519500
6.110000,0.837736,0.823989,25.525691
6.120000,0.836806,0.822135,25.531879
6.130000,0.835886,0.820234,25.538064
6.140000,0.834977,0.818307,25.544247
6.150000,0.834078,0.816375,25.550427
6.160000,0.833190,0.814458,25.556604
6.170000,0.832313,0.812578,25.562778
6.180000,0.831446,0.810755,25.568949
6.190000,0.830590,0.809007,25.575117
6.200000,0.829745,0.807355,25.581283
6.210000,0.828911,0.805813,25.587446
6.220000,0.828088,0.804397,25.593606
6.230000,0.827276,0.803120,25.599763
6.240000,0.826475,0.801990,25.605917
6.250000,0.825685,0.801015,25.612068
6.260000,0.824906,0.800200,25.618216
6.270000,0.824138,0.799546,25.624362
6.280000,0.823382,0.799053,25.630504
6.290000,0.822637,0.798715,25.636644
6.300000,0.821903,0.798527,25.642781
6.310000,0.821181,0.798477,25.648915
6.320000,0.820470,0.798556,25.655046
6.330000,0.819771,0.798748,25.661175
6.340000,0.819083,0.799036,25.667300
6.350000,0.818407,0.799404,25.673423
6.360000,0.817742,0.799831,25.679542
6.370000,0.817089,0.800298,25.685659
6.380000,0.816448,0.800784,25.691773
6.390000,0.815818,0.801267,25.697884
6.400000,0.815200,0.801728,25.703992
6.410000,0.814594,0.802147,25.710097
6.420000,0.814000,0.802503,25.716200
6.430000,0.813418,0.802780,25.722299
6.440000,0.812848,0.802961,25.728396
6.450000,0.812290,0.803033,25.734490
6.460000,0.811744,0.802984,25.740581
6.470000,0.811209,0.802804,25.746669
6.480000,0.810687,0.802488,25.752754
6.490000,0.810177,0.802030,25.758836
6.500000,0.809680,0.801432,25.764915
6.510000,0.809194,0.800694,25.770992
6.520000,0.808721,0.799821,25.777065
6.530000,0.808259,0.798822,25.783136
6.540000,0.807810,0.797706,25.789204
6.550000,0.807374,0.796487,25.795269
6.560000,0.806950,0.795178,25.801331
6.570000,0.806538,0.793798,25.807390
6.580000,0.806138,0.792363,25.813447
6.590000,0.805751,0.790894,25.819500
6.600000,0.805376,0.789412,25.825551
6.610000,0.805014,0.787936,25.831599
6.620000,0.804664,0.786489,25.837644
6.630000,0.804327,0.785091,25.843686
6.640000,0.804002,0.783761,25.849725
6.650000,0.803690,0.782519,25.855761
6.660000,0.803390,0.781382,25.861795
6.670000,0.803103,0.780366,25.867825
6.680000,0.802829,0.779484,25.873853
6.690000,0.802567,0.778747,25.879878
6.700000,0.802318,0.778165,25.885900
6.710000,0.802081,0.777742,25.891919
6.720000,0.801857,0.777483,25.897936
6.730000,0.801646,0.777387,25.903949
6.740000,0.801448,0.777451,25.909960
6.750000,0.801262,0.777672,25.915968
6.760000,0.801089,0.778039,25.921973
6.770000,0.800928,0.778542,25.927975
6.780000,0.800781,0.779169,25.933975
6.790000,0.800646,0.779903,25.939971
6.800000,0.800524,0.780728,25.945965
6.810000,0.800414,0.781625,25.951956
6.820000,0.800318,0.782575,25.957945
6.830000,0.800234,0.783556,25.963930
6.840000,0.800163,0.784548,25.969913
6.850000,0.800105,0.785530,25.975892
6.860000,0.800059,0.786482,25.981870
6.870000,0.800027,0.787383,25.987844
6.880000,0.800007,0.788216,25.993815
6.890000,0.800000,0.788964,25.999784
6.900000,0.800006,0.789610,26.005750
6.910000,0.800024,0.790143,26.011713
6.920000,0.800056,0.790552,26.017674
6.930000,0.800100,0.790828,26.023631
6.940000,0.800157,0.790967,26.029586
6.950000,0.800227,0.790965,26.035538
6.960000,0.800309,0.790825,26.041488
6.970000,0.800404,0.790548,26.047435
6.980000,0.800513,0.790142,26.053379
6.990000,0.800633,0.789614,26.059320
7.000000,0.800767,0.788977,26.065258
7.010000,0.800913,0.788243,26.071194
7.020000,0.801073,0.787430,26.077127
7.030000,0.801244,0.786554,26.083058
7.040000,0.801429,0.785635,26.088986
7.050000,0.801626,0.784691,26.094911
7.060000,0.801836,0.783745,26.100833
7.070000,0.802059,0.782816,26.106753
7.080000,0.802294,0.781927,26.112670
7.090000,0.802542,0.781096,26.118584
7.100000,0.802803,0.780345,26.124496
7.110000,0.803076,0.779690,26.130405
7.120000,0.803362,0.779148,26.136312
7.130000,0.803660,0.778734,26.142215
7.140000,0.803971,0.778461,26.148117
7.150000,0.804295,0.778338,26.154015
7.160000,0.804631,0.778373,26.159911
7.170000,0.804979,0.778571,26.165805
7.180000,0.805340,0.778932,26.171695
7.190000,0.805714,0.779457,26.177584
7.200000,0.806100,0.780140,26.183469
7.210000,0.806498,0.780976,26.189352
7.220000,0.806909,0.781954,26.195233
7.230000,0.807332,0.783063,26.201111
7.240000,0.807767,0.784288,26.206986
7.250000,0.808215,0.785614,26.212859
7.260000,0.808675,0.787022,26.218729
7.270000,0.809147,0.788493,26.224597
7.280000,0.809632,0.790006,26.230462
7.290000,0.810128,0.791542,26.236325
7.300000,0.810637,0.793079,26.242185
7.310000,0.811158,0.794596,26.248043
7.320000,0.811691,0.796074,26.253898
7.330000,0.812236,0.797492,26.259751
7.340000,0.812793,0.798833,26.265601
7.350000,0.813362,0.800081,26.271449
7.360000,0.813943,0.801222,26.277295
7.370000,0.814536,0.802243,26.283137
7.380000,0.815141,0.803136,26.288978
7.390000,0.815758,0.803893,26.294816
7.400000,0.816386,0.804511,26.300652
7.410000,0.817026,0.804989,26.306485
7.420000,0.817678,0.805328,26.312316
7.430000,0.818341,0.805532,26.318145
7.440000,0.819017,0.805610,26.323971
7.450000,0.819703,0.805572,26.329795
7.460000,0.820402,0.805430,26.335616
7.470000,0.821111,0.805198,26.341435
7.480000,0.821832,0.804893,26.347252
7.490000,0.822565,0.804534,26.353067
7.500000,0.823309,0.804139,26.358879
7.510000,0.824064,0.803730,26.364689
7.520000,0.824831,0.803326,26.370496
7.530000,0.825609,0.802950,26.376302
7.540000,0.826398,0.802621,26.382105
7.550000,0.827198,0.802359,26.387906
7.560000,0.828009,0.802184,26.393704
7.570000,0.828831,0.802113,26.399500
7.580000,0.829664,0.802161,26.405295
7.590000,0.830508,0.802342,26.411086
7.600000,0.831362,0.802667,26.416876
7.610000,0.832228,0.803146,26.422664
7.620000,0.833104,0.803783,26.428449
7.630000,0.833991,0.804583,26.434232
7.640000,0.834889,0.805545,26.440013
7.650000,0.835797,0.806668,26.445792
7.660000,0.836716,0.807945,26.451568
7.670000,0.837645,0.809369,26.457343
7.680000,0.838585,0.810929,26.463116
7.690000,0.839534,0.812611,26.468886
7.700000,0.840495,0.814401,26.474654
7.710000,0.841465,0.816281,26.480420
7.720000,0.842445,0.818233,26.486184
7.730000,0.843436,0.820238,26.491947
7.740000,0.844437,0.822273,26.497707
7.750000,0.845447,0.824320,26.503465
7.760000,0.846468,0.826355,26.509221
7.770000,0.847498,0.828360,26.514975
7.780000,0.848538,0.830314,26.520727
7.790000,0.849588,0.832198,26.526477
7.800000,0.850647,0.833995,26.532225
7.810000,0.851716,0.835691,26.537971
7.820000,0.852794,0.837271,26.543715
7.830000,0.853882,0.838726,26.549457
7.840000,0.854979,0.840046,26.555198
7.850000,0.856086,0.841226,26.560936
7.860000,0.857201,0.842264,26.566673
7.870000,0.858326,0.843160,26.572407
7.880000,0.859460,0.843917,26.578140
7.890000,0.860603,0.844541,26.583871
7.900000,0.861755,0.845041,26.589600
7.910000,0.862915,0.845427,26.595327
7.920000,0.864085,0.845714,26.601053
7.930000,0.865263,0.845916,26.606777
7.940000,0.866450,0.846051,26.612498
7.950000,0.867645,0.846139,26.618219
7.960000,0.868849,0.846198,26.623937
7.970000,0.870061,0.846250,26.629654
7.980000,0.871281,0.846316,26.635369
7.990000,0.872510,0.846415,26.641082
8.000000,0.873747,0.846569,26.646793
8.010000,0.874992,0.846796,26.652503
8.020000,0.876245,0.847116,26.658211
8.030000,0.877505,0.847545,26.663918
8.040000,0.878774,0.848096,26.669623
8.050000,0.880051,0.848784,26.675326
8.060000,0.881335,0.849618,26.681028
8.070000,0.882626,0.850605,26.686728
8.080000,0.883926,0.851751,26.692426
8.090000,0.885232,0.853056,26.698123
8.100000,0.886546,0.854521,26.703818
8.110000,0.887868,0.856140,26.709512
8.120000,0.889196,0.857908,26.715204
8.130000,0.890532,0.859814,26.720895
8.140000,0.891874,0.861848,26.726584
8.150000,0.893224,0.863995,26.732272
8.160000,0.894580,0.866238,26.737958
8.170000,0.895943,0.868560,26.743643
8.180000,0.897313,0.870941,26.749327
8.190000,0.898689,0.873362,26.755008
8.200000,0.900072,0.875802,26.760689
8.210000,0.901461,0.878238,26.766368
8.220000,0.902856,0.880652,26.772046
8.230000,0.904258,0.883021,26.777722
8.240000,0.905666,0.885328,26.783398
8.250000,0.907080,0.887554,26.789071
8.260000,0.908499,0.889682,26.794744
8.270000,0.909925,0.891698,26.800415
8.280000,0.911356,0.893591,26.806085
8.290000,0.912793,0.895349,26.811753
8.300000,0.914236,0.896968,26.817421
8.310000,0.915684,0.898441,26.823087
8.320000,0.917138,0.899769,26.828752
8.330000,0.918597,0.900952,26.834415
8.340000,0.920061,0.901995,26.840078
8.350000,0.921530,0.902905,26.845739
8.360000,0.923004,0.903692,26.851399
8.370000,0.924483,0.904369,26.857058
8.380000,0.925967,0.904949,26.862716
8.390000,0.927456,0.905449,26.868373
8.400000,0.928949,0.905887,26.874028
8.410000,0.930447,0.906284,26.879683
8.420000,0.931950,0.906657,26.885336
8.430000,0.933456,0.907030,26.890989
8.440000,0.934967,0.907421,26.896640
8.450000,0.936482,0.907853,26.902291
8.460000,0.938001,0.908345,26.907940
8.470000,0.939525,0.908915,26.913588
8.480000,0.941052,0.909582,26.919236
8.490000,0.942582,0.910361,26.924882
8.500000,0.944117,0.911266,26.930528
8.510000,0.945655,0.912307,26.936173
8.520000,0.947196,0.913495,26.941816
8.530000,0.948741,0.914835,26.947459
8.540000,0.950290,0.916330,26.953101
8.550000,0.951841,0.917981,26.958742
8.560000,0.953395,0.919786,26.964382
8.570000,0.954953,0.921738,26.970022
8.580000,0.956513,0.923831,26.975661
8.590000,0.958076,0.926054,26.981298
8.600000,0.959642,0.928393,26.986936
8.610000,0.961210,0.930834,26.992572
8.620000,0.962781,0.933358,26.998208
8.630000,0.964354,0.935949,27.003842
8.640000,0.965930,0.938586,27.009477
8.650000,0.967508,0.941248,27.015110
8.660000,0.969087,0.943915,27.020743
8.670000,0.970669,0.946565,27.026375
8.680000,0.972253,0.949178,27.032007
8.690000,0.973838,0.951734,27.037638
8.700000,0.975425,0.954214,27.043268
8.710000,0.977014,0.956601,27.048898
8.720000,0.978604,0.958879,27.054527
8.730000,0.980195,0.961035,27.060156
8.740000,0.981788,0.963058,27.065784
8.750000,0.983382,0.964940,27.071411
8.760000,0.984977,0.966674,27.077038
8.770000,0.986573,0.968258,27.082665
8.780000,0.988170,0.969693,27.088291
8.790000,0.989767,0.970980,27.093917
8.800000,0.991366,0.972126,27.099542
8.810000,0.992964,0.973139,27.105167
8.820000,0.994564,0.974030,27.110791
8.830000,0.996163,0.974813,27.116415
8.840000,0.997763,0.975502,27.122039
8.850000,0.999363,0.976115,27.127662
8.860000,1.000963,0.976672,27.133285
8.870000,1.002563,0.977190,27.138908
8.880000,1.004163,0.977692,27.144530
8.890000,1.005762,0.978198,27.150152
8.900000,1.007361,0.978728,27.155774
8.910000,1.008960,0.979304,27.161396
8.920000,1.010558,0.979944,27.167017
8.930000,1.012155,0.980666,27.172638
8.940000,1.013752,0.981489,27.178259
8.950000,1.015348,0.982425,27.183880
8.960000,1.016943,0.983488,27.189501
8.970000,1.018536,0.984688,27.195121
8.980000,1.020129,0.986033,27.200742
8.990000,1.021720,0.987528,27.206362
9.000000,1.023310,0.989174,27.211982
9.010000,1.024898,0.990971,27.217602
9.020000,1.026485,0.992914,27.223222
9.030000,1.028070,0.994998,27.228842
9.040000,1.029653,0.997212,27.234462
9.050000,1.031235,0.999546,27.240082
9.060000,1.032814,1.001985,27.245702
9.070000,1.034391,1.004514,27.251322
9.080000,1.035966,1.007113,27.256942
9.090000,1.037539,1.009765,27.262563
9.100000,1.039109,1.012448,27.268183
9.110000,1.040677,1.015143,27.273803
9.120000,1.042242,1.017827,27.279424
9.130000,1.043805,1.020481,27.285044
9.140000,1.045365,1.023083,27.290665
9.150000,1.046921,1.025615,27.296286
9.160000,1.048475,1.028058,27.301907
9.170000,1.050026,1.030395,27.307528
9.180000,1.051574,1.032613,27.313150
9.190000,1.053118,1.034699,27.318772
9.200000,1.054659,1.036642,27.324394
9.210000,1.056196,1.038437,27.330016
9.220000,1.057730,1.040078,27.335639
9.230000,1.059260,1.041565,27.341262
9.240000,1.060786,1.042897,27.346885
9.250000,1.062308,1.044081,27.352508
9.260000,1.063827,1.045122,27.358132
9.270000,1.065341,1.046031,27.363757
9.280000,1.066851,1.046819,27.369381
9.290000,1.068357,1.047500,27.375006
9.300000,1.069858,1.048093,27.380632
9.310000,1.071355,1.048613,27.386258
9.320000,1.072848,1.049080,27.391884
9.330000,1.074335,1.049515,27.397511
9.340000,1.075818,1.049939,27.403139
9.350000,1.077297,1.050371,27.408767
9.360000,1.078770,1.050834,27.414395
9.370000,1.080238,1.051346,27.420024
9.380000,1.081701,1.051927,27.425654
9.390000,1.083159,1.052594,27.431284
9.400000,1.084611,1.053363,27.436915
9.410000,1.086058,1.054248,27.442546
9.420000,1.087500,1.055261,27.448178
9.430000,1.088936,1.056410,27.453811
9.440000,1.090366,1.057702,27.459444
9.450000,1.091790,1.059141,27.465078
9.460000,1.093209,1.060726,27.470713
9.470000,1.094622,1.062456,27.476348
9.480000,1.096028,1.064325,27.481985
9.490000,1.097428,1.066327,27.487621
9.500000,1.098823,1.068450,27.493259
9.510000,1.100211,1.070681,27.498898
9.520000,1.101592,1.073005,27.504537
9.530000,1.102967,1.075406,27.510177
9.540000,1.104335,1.077866,27.515818
9.550000,1.105697,1.080363,27.521460
9.560000,1.107052,1.082878,27.527102
9.570000,1.108400,1.085390,27.532746
9.580000,1.109741,1.087878,27.538390
9.590000,1.111075,1.090321,27.544035
9.600000,1.112402,1.092699,27.549682
9.610000,1.113722,1.094993,27.555329
9.620000,1.115034,1.097187,27.560977
9.630000,1.116340,1.099263,27.566626
9.640000,1.117637,1.101210,27.572276
9.650000,1.118927,1.103015,27.577927
9.660000,1.120210,1.104670,27.583580
9.670000,1.121485,1.106170,27.589233
9.680000,1.122752,1.107510,27.594887
9.690000,1.124011,1.108692,27.600542
9.700000,1.125263,1.109718,27.606199
9.710000,1.126506,1.110594,27.611857
9.720000,1.127741,1.111327,27.617515
9.730000,1.128968,1.111928,27.623175
9.740000,1.130187,1.112412,27.628836
9.750000,1.131397,1.112792,27.634498
9.760000,1.132599,1.113087,27.640161
9.770000,1.133793,1.113315,27.645826
9.780000,1.134978,1.113496,27.651492
9.790000,1.136154,1.113649,27.657159
9.800000,1.137322,1.113797,27.662827
9.810000,1.138481,1.113960,27.668497
9.820000,1.139631,1.114158,27.674167
9.830000,1.140772,1.114411,27.679839
9.840000,1.141904,1.114737,27.685513
9.850000,1.143027,1.115153,27.691188
9.860000,1.144140,1.115673,27.696864
9.870000,1.145245,1.116312,27.702541
9.880000,1.146340,1.117079,27.708220
9.890000,1.147426,1.117982,27.713900
9.900000,1.148503,1.119025,27.719582
9.910000,1.149570,1.120212,27.725265
9.920000,1.150627,1.121541,27.730949
9.930000,1.151675,1.123010,27.736635
9.940000,1.152713,1.124610,27.742323
9.950000,1.153741,1.126334,27.748011
9.960000,1.154760,1.128170,27.753702
9.970000,1.155768,1.130104,27.759394
9.980000,1.156767,1.132120,27.765087
9.990000,1.157755,1.134200,27.770782
10.000000,1.158734,1.136325,27.776478
